seq_no,busr,api_id,org_code,own_org_code,ast_id,scope,res_data

1,XcmJbm9CQd,7ABwcyTdw2,ORG2025001,ORG2025002,yGZwMMcVxh,bank.ca,"{""rsp_code"":""0000"",""rsp_msg"":""Success"",""tx_id"":""MD_ORG2025001_ORG2025002_RA20250005_CA20250001_20250201225752_XXAB00490000"",""token_type"":""Bearer"",""access_token"":""eyJhbGciOiJIUzI1NiIsInR5cCI6IkpXVCJ9.eyJhdWQiOiJPUkcyMDI1MDAxLUNMSUVOVC1JRCIsImp0aSI6IjMyODNjNmRmLTU4ZjYtNDZlZi05MDU2LTJmZjg4NGU1NDI1MSIsImV4cCI6MTczODQ1NDI3NSwic2NvcGUiOiJpcCIsImlhdCI6MTczODQ1MDY3NX0.fuG2dGZc5Nkpfmz3RpitLq87p7QqqtL7Lhv-rT2yF2M"",""expires_in"":3600,""refresh_token"":""eyJhbGciOiJIUzI1NiIsInR5cCI6IkpXVCJ9.eyJhdWQiOiJPUkcyMDI1MDAxLUNMSUVOVC1JRCIsImp0aSI6ImFjZWRhMGZiLTlkN2ItNGMwYy05Yjc5LWViMzg4OGJmODUzYSIsImV4cCI6MTczODUzNzA3NSwic2NvcGUiOiJpcCIsImlhdCI6MTczODQ1MDY3NX0.DXuxm87w0GVS2WhniTor227hrSReUcXPwmBMj1j5pCo"",""refresh_token_expires_in"":86400}"
2,hSmgOLvRVt,TowCpsVWdy,ORG2025001,ORG2025002,UrUazUVEPH,bank.deposit,"{""rsp_code"":""0000"",""rsp_msg"":""Success"",""search_timestamp"":""2025-02-01T22:57:56.297Z"",""detail_cnt"":1,""detailList"":[{""currency_code"":""USD"",""balance_amt"":""129456.051"",""withdrawable_amt"":""128457.787"",""offered_rate"":""0.028"",""last_paid_in_cnt"":1}]}"
3,J8QVs0IKhA,9fjl4tt6xr,ORG2025001,ORG2025002,XZ0frVxqoF,bank.ca,"{""rsp_code"":""0000"",""rsp_msg"":""Success"",""tx_id"":""MD_ORG2025001_ORG2025002_RA20250002_CA20250001_20250201225758_XXAB00490000"",""token_type"":""Bearer"",""access_token"":""eyJhbGciOiJIUzI1NiIsInR5cCI6IkpXVCJ9.eyJhdWQiOiJPUkcyMDI1MDAxLUNMSUVOVC1JRCIsImp0aSI6IjlhOTcyNzVlLWQ0ODQtNGMyNi1iNzlhLWQ2OGViYWU1YzBjMiIsImV4cCI6MTczODQ1NDI4MCwic2NvcGUiOiJpcCIsImlhdCI6MTczODQ1MDY4MH0.b9KFRuSo_Fwmzcc7RGsojEQysGmS-chW2efyCv0qkHA"",""expires_in"":3600,""refresh_token"":""eyJhbGciOiJIUzI1NiIsInR5cCI6IkpXVCJ9.eyJhdWQiOiJPUkcyMDI1MDAxLUNMSUVOVC1JRCIsImp0aSI6IjI5MDk3NGJiLTFiMmYtNGJjZi1hM2Q4LTUwNzE5MDQ2NGVjYyIsImV4cCI6MTczODUzNzA4MCwic2NvcGUiOiJpcCIsImlhdCI6MTczODQ1MDY4MH0.Fk9ECHcTBA2t7-nEs2WtE0A-ouUZMQ7docDBIp1AgWw"",""refresh_token_expires_in"":86400}"
4,m1aIkKWrp8,mUgpVGSKbK,ORG2025001,ORG2025002,oGF6hlEVmS,bank.deposit,"{""rsp_code"":""0000"",""rsp_msg"":""Success"",""search_timestamp"":""2025-02-01T22:58:01.508Z"",""detail_cnt"":1,""detailList"":[{""currency_code"":""PHP"",""balance_amt"":""200661.64"",""withdrawable_amt"":""200534.14"",""offered_rate"":""0.03"",""last_paid_in_cnt"":8}]}"
5,432QLHqFAp,D0lY3ITZDa,ORG2025001,ORG2025002,EepJJIYEm9,bank.ca,"{""rsp_code"":""0000"",""rsp_msg"":""Success"",""tx_id"":""MD_ORG2025001_ORG2025002_RA20250003_CA20250001_20250201225803_XXAB00490000"",""token_type"":""Bearer"",""access_token"":""eyJhbGciOiJIUzI1NiIsInR5cCI6IkpXVCJ9.eyJhdWQiOiJPUkcyMDI1MDAxLUNMSUVOVC1JRCIsImp0aSI6IjMwNDcxZTFjLWQ1NWUtNDNiYS1iMDNhLTczMTFmYjNkM2JiOCIsImV4cCI6MTczODQ1NDI4NSwic2NvcGUiOiJpcCIsImlhdCI6MTczODQ1MDY4NX0.rXTCBQdwJEWP5E_d_TdmsBMaOVdg9OjqU3pYvyrl0So"",""expires_in"":3600,""refresh_token"":""eyJhbGciOiJIUzI1NiIsInR5cCI6IkpXVCJ9.eyJhdWQiOiJPUkcyMDI1MDAxLUNMSUVOVC1JRCIsImp0aSI6IjU3OGRmMjE0LWNkNDktNGY4NS1iMDFjLWIzYzMxZjlhYTNkZCIsImV4cCI6MTczODUzNzA4NSwic2NvcGUiOiJpcCIsImlhdCI6MTczODQ1MDY4NX0.pVLhUax6qhbv4PkSUDcwREqW8FBOpO7aGSsFQC3_hk0"",""refresh_token_expires_in"":86400}"
6,c5cu4GdW6u,HOAsW34Cek,ORG2025001,ORG2025002,t3spv0IbSO,bank.ca,"{""rsp_code"":""0000"",""rsp_msg"":""Success"",""tx_id"":""MD_ORG2025001_ORG2025002_RA20250004_CA20250001_20250201225808_XXAB00490000"",""token_type"":""Bearer"",""access_token"":""eyJhbGciOiJIUzI1NiIsInR5cCI6IkpXVCJ9.eyJhdWQiOiJPUkcyMDI1MDAxLUNMSUVOVC1JRCIsImp0aSI6ImQ4NmYzMzZlLTNlYWUtNDQzYS04Y2IyLTY4ZTUxMDE0YzlmNiIsImV4cCI6MTczODQ1NDI5MCwic2NvcGUiOiJpcCIsImlhdCI6MTczODQ1MDY5MH0.vfGmqIMf-miDUw_ErMwbbE8qffofKPS3pi81OpUFgqM"",""expires_in"":3600,""refresh_token"":""eyJhbGciOiJIUzI1NiIsInR5cCI6IkpXVCJ9.eyJhdWQiOiJPUkcyMDI1MDAxLUNMSUVOVC1JRCIsImp0aSI6ImQ1YWYwNWUyLWM4MjEtNDBjOS1iZDYxLTQwZTA5ZTY2MzBhMSIsImV4cCI6MTczODUzNzA5MCwic2NvcGUiOiJpcCIsImlhdCI6MTczODQ1MDY5MH0.rkpTEq_NVm_xiq0DgfVRHrkXkueLuBQ8nfxpMW4IJFA"",""refresh_token_expires_in"":86400}"
7,3mnBG0Nbb8,Vk7OrCrkw7,ORG2025001,ORG2025002,u8WtWFV4FM,bank.deposit,"{""rsp_code"":""0000"",""rsp_msg"":""Success"",""search_timestamp"":""2025-02-01T22:58:11.152Z"",""detail_cnt"":1,""detailList"":[{""currency_code"":""USD"",""balance_amt"":""944938.878"",""withdrawable_amt"":""942350.468"",""offered_rate"":""0.021"",""last_paid_in_cnt"":8}]}"
8,GloMDbHHi6,X9mu3Iymgi,ORG2025001,ORG2025002,gulIxtMOXb,bank.ca,"{""rsp_code"":""0000"",""rsp_msg"":""Success"",""tx_id"":""MD_ORG2025001_ORG2025002_RA20250003_CA20250001_20250201225813_XXAB00490000"",""token_type"":""Bearer"",""access_token"":""eyJhbGciOiJIUzI1NiIsInR5cCI6IkpXVCJ9.eyJhdWQiOiJPUkcyMDI1MDAxLUNMSUVOVC1JRCIsImp0aSI6ImEzY2Q0ODFmLTBhZTctNDRjYy04OWU4LTJjMjA5NzlhYTg0OSIsImV4cCI6MTczODQ1NDI5NSwic2NvcGUiOiJpcCIsImlhdCI6MTczODQ1MDY5NX0.ZhB5xkV48izF2IY30ONtPKmGaJfZXkDAqjIeBcBThJ4"",""expires_in"":3600,""refresh_token"":""eyJhbGciOiJIUzI1NiIsInR5cCI6IkpXVCJ9.eyJhdWQiOiJPUkcyMDI1MDAxLUNMSUVOVC1JRCIsImp0aSI6IjlmYzY5YWVhLWIzOGItNDMwYi1hYzhiLTY3ZTVlMTJlZDAyZiIsImV4cCI6MTczODUzNzA5NSwic2NvcGUiOiJpcCIsImlhdCI6MTczODQ1MDY5NX0.5EfVW62l7QurQTOXTeN8-eF0wqBAwCuXD8n-yPq5HZA"",""refresh_token_expires_in"":86400}"
9,7LnSSi2vGB,k4NjpCQJmk,ORG2025001,ORG2025002,S5lzreKttd,bank.ca,"{""rsp_code"":""0000"",""rsp_msg"":""Success"",""tx_id"":""MD_ORG2025001_ORG2025002_RA20250002_CA20250001_20250201225818_XXAB00490000"",""token_type"":""Bearer"",""access_token"":""eyJhbGciOiJIUzI1NiIsInR5cCI6IkpXVCJ9.eyJhdWQiOiJPUkcyMDI1MDAxLUNMSUVOVC1JRCIsImp0aSI6ImJkZjYyODQ1LWIzYTQtNDgyZS05MmUyLWIyMDk4ZWMxMmQxYSIsImV4cCI6MTczODQ1NDMwMCwic2NvcGUiOiJpcCIsImlhdCI6MTczODQ1MDcwMH0.9KMzgAg5kDePLyvwNoS5h21B11VZPdSs9PJ0puM9x1I"",""expires_in"":3600,""refresh_token"":""eyJhbGciOiJIUzI1NiIsInR5cCI6IkpXVCJ9.eyJhdWQiOiJPUkcyMDI1MDAxLUNMSUVOVC1JRCIsImp0aSI6IjFkZDQzOWMzLTEwMDUtNDMxZC1hN2QzLThmMTllYjA0OGQ0OCIsImV4cCI6MTczODUzNzEwMCwic2NvcGUiOiJpcCIsImlhdCI6MTczODQ1MDcwMH0.pb6EmjFU31qoEb1EdZeJXBMbgL6ClVrqT5I9SxEjbiw"",""refresh_token_expires_in"":86400}"
10,DLmKzrJTVR,3aAlsXdscu,ORG2025001,ORG2025002,iq2hhG5tKA,bank.deposit,"{""rsp_code"":""0000"",""rsp_msg"":""Success"",""search_timestamp"":""2025-02-01T22:58:20.986Z"",""basic_cnt"":1,""basicList"":[{""currency_code"":""USD"",""saving_method"":""METHOD_03"",""issue_date"":""2023-01-24T01:11:17.371Z"",""exp_date"":""2025-08-27T00:11:21.513Z"",""commit_amt"":""475380.338"",""monthly_paid_in_amt"":""1648.759""}]}"
11,1nHhUL4vcV,lkHnz9O5VN,ORG2025001,ORG2025002,a4rDisqcM1,bank.ca,"{""rsp_code"":""0000"",""rsp_msg"":""Success"",""tx_id"":""MD_ORG2025001_ORG2025002_RA20250002_CA20250001_20250201225823_XXAB00490000"",""token_type"":""Bearer"",""access_token"":""eyJhbGciOiJIUzI1NiIsInR5cCI6IkpXVCJ9.eyJhdWQiOiJPUkcyMDI1MDAxLUNMSUVOVC1JRCIsImp0aSI6IjBhYmU3YmI0LWE3ZmEtNGQzYy1iODgxLTkyZTQ1YmU5MmI1YSIsImV4cCI6MTczODQ1NDMwNSwic2NvcGUiOiJpcCIsImlhdCI6MTczODQ1MDcwNX0.F9MrBvhWBULEKZjXhvD45WzNpRFaSrx5LI1bYU44tAU"",""expires_in"":3600,""refresh_token"":""eyJhbGciOiJIUzI1NiIsInR5cCI6IkpXVCJ9.eyJhdWQiOiJPUkcyMDI1MDAxLUNMSUVOVC1JRCIsImp0aSI6ImM0ZTM0N2RhLWJiZWMtNDc4ZS05NGY5LWY0MDJjMDJiZWI2ZSIsImV4cCI6MTczODUzNzEwNSwic2NvcGUiOiJpcCIsImlhdCI6MTczODQ1MDcwNX0.BtI2Puj5ax4sL6CXGoVZwyyTn3vAc_Kh1voLQ1n9phY"",""refresh_token_expires_in"":86400}"
12,QTL9KO4ROZ,J4VIbPLgan,ORG2025001,ORG2025002,5k7MzJCtqZ,bank.ca,"{""rsp_code"":""0000"",""rsp_msg"":""Success"",""tx_id"":""MD_ORG2025001_ORG2025002_RA20250003_CA20250001_20250201225828_XXAB00490000"",""token_type"":""Bearer"",""access_token"":""eyJhbGciOiJIUzI1NiIsInR5cCI6IkpXVCJ9.eyJhdWQiOiJPUkcyMDI1MDAxLUNMSUVOVC1JRCIsImp0aSI6ImNjN2M0Nzg4LWMxOTMtNGRmZC04NjE3LTZhY2VlYTFmOTQ1ZSIsImV4cCI6MTczODQ1NDMxMCwic2NvcGUiOiJpcCIsImlhdCI6MTczODQ1MDcxMH0.OJvooGpeO4YebTgIOX3UBhFM0HnbeGBd6301WMsHg5I"",""expires_in"":3600,""refresh_token"":""eyJhbGciOiJIUzI1NiIsInR5cCI6IkpXVCJ9.eyJhdWQiOiJPUkcyMDI1MDAxLUNMSUVOVC1JRCIsImp0aSI6ImFiMWRhOGE5LTY4ZjQtNDEwZS1iYzljLWMyNWNjMzAwYjYzNyIsImV4cCI6MTczODUzNzExMCwic2NvcGUiOiJpcCIsImlhdCI6MTczODQ1MDcxMH0.bqHrLiGMT6lmEIB3KeQ1fllZNMd9AbBwTG5dyevGeRI"",""refresh_token_expires_in"":86400}"
13,MF9lzRZiu4,wVl3XivX84,ORG2025001,ORG2025002,Kn6PLhA0U5,bank.deposit,"{""rsp_code"":""0000"",""rsp_msg"":""Success"",""search_timestamp"":""2025-02-01T22:58:30.860Z"",""basic_cnt"":1,""basicList"":[{""currency_code"":""KRW"",""saving_method"":""METHOD_01"",""issue_date"":""2023-03-24T16:29:48.702Z"",""exp_date"":""2025-10-18T03:47:12.222Z"",""commit_amt"":""781090.897"",""monthly_paid_in_amt"":""4928.094""}]}"
14,CjIMDY1UVg,WsZeoAz5mZ,ORG2025001,ORG2025002,HGKULuP8vp,bank.ca,"{""rsp_code"":""0000"",""rsp_msg"":""Success"",""tx_id"":""MD_ORG2025001_ORG2025002_RA20250001_CA20250001_20250201225833_XXAB00490000"",""token_type"":""Bearer"",""access_token"":""eyJhbGciOiJIUzI1NiIsInR5cCI6IkpXVCJ9.eyJhdWQiOiJPUkcyMDI1MDAxLUNMSUVOVC1JRCIsImp0aSI6ImJiZGJmMzI5LTgzMzAtNDJkNS1hMDZkLTYyMmQ5ZTU2ZTMyYSIsImV4cCI6MTczODQ1NDMxNSwic2NvcGUiOiJpcCIsImlhdCI6MTczODQ1MDcxNX0.k5imyyCD8gHfKoaX807kcB6pZOgbWlfkwFGoFrSf1QA"",""expires_in"":3600,""refresh_token"":""eyJhbGciOiJIUzI1NiIsInR5cCI6IkpXVCJ9.eyJhdWQiOiJPUkcyMDI1MDAxLUNMSUVOVC1JRCIsImp0aSI6IjIwNWM0NDMwLTQwOGYtNGFiZC05ZGMwLTI0N2VmZGViY2U2YyIsImV4cCI6MTczODUzNzExNSwic2NvcGUiOiJpcCIsImlhdCI6MTczODQ1MDcxNX0.lo3YEQ-_eJV5Rl1wBjtPrG-Yh6UjOFQnSTNdY2vou-o"",""refresh_token_expires_in"":86400}"
15,s01E1cS1iy,0XV4ZckNfP,ORG2025001,ORG2025002,u7FOQAoIiT,bank.ca,"{""rsp_code"":""0000"",""rsp_msg"":""Success"",""tx_id"":""MD_ORG2025001_ORG2025002_RA20250001_CA20250001_20250201225837_XXAB00490000"",""token_type"":""Bearer"",""access_token"":""eyJhbGciOiJIUzI1NiIsInR5cCI6IkpXVCJ9.eyJhdWQiOiJPUkcyMDI1MDAxLUNMSUVOVC1JRCIsImp0aSI6Ijc4ODI0YWEzLWY0ZTUtNDQ1Ni1hYmRlLTM4ZDFmNGI5YTcxNyIsImV4cCI6MTczODQ1NDMxOSwic2NvcGUiOiJpcCIsImlhdCI6MTczODQ1MDcxOX0.E_weT8oqkgHUrJfioPhbDyoEM_FqPU72TjYdCHnVhmY"",""expires_in"":3600,""refresh_token"":""eyJhbGciOiJIUzI1NiIsInR5cCI6IkpXVCJ9.eyJhdWQiOiJPUkcyMDI1MDAxLUNMSUVOVC1JRCIsImp0aSI6IjkzM2EzYjcxLTBiNmMtNDQ4MC1iNDE4LTM1YmY4MjQxZmFkOCIsImV4cCI6MTczODUzNzExOSwic2NvcGUiOiJpcCIsImlhdCI6MTczODQ1MDcxOX0.uHTaXk8kasty3OgWstJEplLrNk9NEc-5DrLK_9YmyUM"",""refresh_token_expires_in"":86400}"
16,ZDQF8GCF8m,mK0sU2JPvD,ORG2025001,ORG2025002,23u9333AmY,bank.deposit,"{""rsp_code"":""0000"",""rsp_msg"":""Success"",""search_timestamp"":""2025-02-01T22:58:40.286Z"",""basic_cnt"":1,""basicList"":[{""currency_code"":""USD"",""saving_method"":""METHOD_01"",""issue_date"":""2023-04-04T00:11:05.176Z"",""exp_date"":""2025-11-29T22:33:44.449Z"",""commit_amt"":""849980.7439999999"",""monthly_paid_in_amt"":""1098.503""}]}"
17,WlyWGm5hNg,TnALU3Es9n,ORG2025001,ORG2025002,W6nmK3LkMX,bank.ca,"{""rsp_code"":""0000"",""rsp_msg"":""Success"",""tx_id"":""MD_ORG2025001_ORG2025002_RA20250005_CA20250001_20250201225842_XXAB00490000"",""token_type"":""Bearer"",""access_token"":""eyJhbGciOiJIUzI1NiIsInR5cCI6IkpXVCJ9.eyJhdWQiOiJPUkcyMDI1MDAxLUNMSUVOVC1JRCIsImp0aSI6IjUwYTkxMTQ3LTFhNjMtNGJjNy1iNmMzLTk2OWVmYmI2NWY2NyIsImV4cCI6MTczODQ1NDMyNCwic2NvcGUiOiJpcCIsImlhdCI6MTczODQ1MDcyNH0.exaOY9cf6vfRVFul9T_wHR3mnVpzo7bEjiVAYh5wddY"",""expires_in"":3600,""refresh_token"":""eyJhbGciOiJIUzI1NiIsInR5cCI6IkpXVCJ9.eyJhdWQiOiJPUkcyMDI1MDAxLUNMSUVOVC1JRCIsImp0aSI6ImRkMGU3NDc4LTM2NTItNGZmMC04OTViLTM4NWNlMThlZmExNyIsImV4cCI6MTczODUzNzEyNCwic2NvcGUiOiJpcCIsImlhdCI6MTczODQ1MDcyNH0.pnTBEzdOVPEqeux-Rtodof4mory89I5WkeFya7PPHsM"",""refresh_token_expires_in"":86400}"
18,5Sud50GZCY,kvsfLlDtVp,ORG2025001,ORG2025002,c7uzSKjS4v,bank.deposit,"{""rsp_code"":""0000"",""rsp_msg"":""Success"",""search_timestamp"":""2025-02-01T22:58:45.378Z"",""basic_cnt"":1,""basicList"":[{""currency_code"":""USD"",""saving_method"":""METHOD_02"",""issue_date"":""2023-01-26T14:05:06.072Z"",""exp_date"":""2025-04-07T04:07:50.359Z"",""commit_amt"":""462558.383"",""monthly_paid_in_amt"":""4068.292""}]}"
19,WOU1ZNIjPA,XUUipMW2t2,ORG2025001,ORG2025002,BivgckTbPA,bank.ca,"{""rsp_code"":""0000"",""rsp_msg"":""Success"",""tx_id"":""MD_ORG2025001_ORG2025002_RA20250005_CA20250001_20250201225847_XXAB00490001"",""token_type"":""Bearer"",""access_token"":""eyJhbGciOiJIUzI1NiIsInR5cCI6IkpXVCJ9.eyJhdWQiOiJPUkcyMDI1MDAxLUNMSUVOVC1JRCIsImp0aSI6IjU1MWRmMjM2LTRjMGUtNGVjZS1hMDI3LTc2MzFjZDM4MjU3NSIsImV4cCI6MTczODQ1NDMyOSwic2NvcGUiOiJpcCIsImlhdCI6MTczODQ1MDcyOX0.Rm8HsN8r7R3nc7GmQk1LMK7phtBBZ4Oi1hpuO1wh6ss"",""expires_in"":3600,""refresh_token"":""eyJhbGciOiJIUzI1NiIsInR5cCI6IkpXVCJ9.eyJhdWQiOiJPUkcyMDI1MDAxLUNMSUVOVC1JRCIsImp0aSI6IjY3NzhiYjIyLTlmYTgtNDM5OC1iNzc3LTA5OTYwY2RhNmJhMSIsImV4cCI6MTczODUzNzEyOSwic2NvcGUiOiJpcCIsImlhdCI6MTczODQ1MDcyOX0.oTARUft2W9rs5QbucrGLkRvmwP5T4JsxFHYtM7RYgjY"",""refresh_token_expires_in"":86400}"
20,SiEtyUhTxO,vQZZQEy9rO,ORG2025001,ORG2025002,JtElmcggTF,bank.deposit,"{""rsp_code"":""0000"",""rsp_msg"":""Success"",""search_timestamp"":""2025-02-01T22:58:50.564Z"",""basic_cnt"":1,""basicList"":[{""currency_code"":""USD"",""saving_method"":""METHOD_02"",""issue_date"":""2024-06-13T22:56:46.804Z"",""exp_date"":""2025-04-23T06:49:40.761Z"",""commit_amt"":""338940.275"",""monthly_paid_in_amt"":""4691.623""}]}"
21,qxybbEcMsu,1IrxVI1O1A,ORG2025001,ORG2025002,n9Xz22609y,bank.deposit,"{""rsp_code"":""0000"",""rsp_msg"":""Success"",""search_timestamp"":""2025-02-01T22:58:51.259Z"",""detail_cnt"":1,""detailList"":[{""currency_code"":""USD"",""balance_amt"":""700800.564"",""withdrawable_amt"":""699894.078"",""offered_rate"":""0.049"",""last_paid_in_cnt"":12}]}"
22,ZjznS7VF2U,paOgeryJK6,ORG2025001,ORG2025002,JqErz0Wi2Q,bank.ca,"{""rsp_code"":""0000"",""rsp_msg"":""Success"",""tx_id"":""MD_ORG2025001_ORG2025002_RA20250002_CA20250001_20250201225853_XXAB00490000"",""token_type"":""Bearer"",""access_token"":""eyJhbGciOiJIUzI1NiIsInR5cCI6IkpXVCJ9.eyJhdWQiOiJPUkcyMDI1MDAxLUNMSUVOVC1JRCIsImp0aSI6IjVjNTFiZmJlLWRkM2YtNDQ2My05OWNmLWY5MWQ5ODA4MmMwYyIsImV4cCI6MTczODQ1NDMzNSwic2NvcGUiOiJpcCIsImlhdCI6MTczODQ1MDczNX0.9O9Ae4b_PCbDV8Ei3G-pY803WwDvfCWuGL-pRwTYkyY"",""expires_in"":3600,""refresh_token"":""eyJhbGciOiJIUzI1NiIsInR5cCI6IkpXVCJ9.eyJhdWQiOiJPUkcyMDI1MDAxLUNMSUVOVC1JRCIsImp0aSI6IjVjOGU0YTJjLTE1M2UtNDU0ZC05ZDI4LWY3MzlkODYzZDhlMiIsImV4cCI6MTczODUzNzEzNSwic2NvcGUiOiJpcCIsImlhdCI6MTczODQ1MDczNX0.xur72NwF_0lVwtHCFDSpuyrNIgqc7dN9KvvcV7V92bI"",""refresh_token_expires_in"":86400}"
23,9cf5Rh2DmW,kS1rIISzaC,ORG2025001,ORG2025002,3oTtyVpTSj,bank.deposit,"{""rsp_code"":""0000"",""rsp_msg"":""Success"",""search_timestamp"":""2025-02-01T22:58:56.273Z"",""basic_cnt"":1,""basicList"":[{""currency_code"":""PHP"",""saving_method"":""METHOD_03"",""issue_date"":""2023-03-21T14:26:06.708Z"",""exp_date"":""2025-04-30T15:25:15.470Z"",""commit_amt"":""948518.121"",""monthly_paid_in_amt"":""1786.808""}]}"
24,Rs7rjp9jsa,pMPPXZZMIj,ORG2025001,ORG2025002,L5rLH9Frdd,bank.deposit,"{""rsp_code"":""0000"",""rsp_msg"":""Success"",""search_timestamp"":""2025-02-01T22:58:56.898Z"",""detail_cnt"":1,""detailList"":[{""currency_code"":""PHP"",""balance_amt"":""369882.63"",""withdrawable_amt"":""367243.111"",""offered_rate"":""0.025"",""last_paid_in_cnt"":9}]}"
25,6GE9tEvRvY,ZGmUsrWveV,ORG2025001,ORG2025002,iclwWKnMnT,bank.ca,"{""rsp_code"":""0000"",""rsp_msg"":""Success"",""tx_id"":""MD_ORG2025001_ORG2025002_RA20250003_CA20250001_20250201225859_XXAB00490000"",""token_type"":""Bearer"",""access_token"":""eyJhbGciOiJIUzI1NiIsInR5cCI6IkpXVCJ9.eyJhdWQiOiJPUkcyMDI1MDAxLUNMSUVOVC1JRCIsImp0aSI6IjA0YmUwOTA2LTkxNjktNDcxZS05MjJhLTk4NzcwNmMyN2UwNiIsImV4cCI6MTczODQ1NDM0MSwic2NvcGUiOiJpcCIsImlhdCI6MTczODQ1MDc0MX0.qSOodcfK4rpI6Gi1Vu44XW5BztYGSBMbzeXPIuCUVdk"",""expires_in"":3600,""refresh_token"":""eyJhbGciOiJIUzI1NiIsInR5cCI6IkpXVCJ9.eyJhdWQiOiJPUkcyMDI1MDAxLUNMSUVOVC1JRCIsImp0aSI6IjU4ZjEzMTRmLTc5MGEtNDgyOS05M2Y4LTYwNTI2MjlmMmM4OCIsImV4cCI6MTczODUzNzE0MSwic2NvcGUiOiJpcCIsImlhdCI6MTczODQ1MDc0MX0.jIPBO2Crn8ACa8aQSREDJK7WLjFq-3gmNqcwHWP4gZg"",""refresh_token_expires_in"":86400}"
26,TnfUmXqEU0,N7frxAO22n,ORG2025001,ORG2025002,kkEtK97goI,bank.deposit,"{""rsp_code"":""0000"",""rsp_msg"":""Success"",""search_timestamp"":""2025-02-01T22:59:02.005Z"",""basic_cnt"":1,""basicList"":[{""currency_code"":""PHP"",""saving_method"":""METHOD_03"",""issue_date"":""2024-01-01T18:54:32.642Z"",""exp_date"":""2025-05-21T18:42:42.598Z"",""commit_amt"":""869568.664"",""monthly_paid_in_amt"":""2400.272""}]}"
27,s2pSjgpp08,3Oxsy6U0mL,ORG2025001,ORG2025002,2fnJkna4mC,bank.ca,"{""rsp_code"":""0000"",""rsp_msg"":""Success"",""tx_id"":""MD_ORG2025001_ORG2025002_RA20250001_CA20250001_20250201225904_XXAB00490000"",""token_type"":""Bearer"",""access_token"":""eyJhbGciOiJIUzI1NiIsInR5cCI6IkpXVCJ9.eyJhdWQiOiJPUkcyMDI1MDAxLUNMSUVOVC1JRCIsImp0aSI6ImIwMzMxYzEyLWMzYjctNDM4Yy05MWIzLWFjNjFhZmE1MWQ3OCIsImV4cCI6MTczODQ1NDM0Niwic2NvcGUiOiJpcCIsImlhdCI6MTczODQ1MDc0Nn0.PyVLTeDy8jH70gSSB5upXU6HCJ3dJsnWlh3u8hJsVG0"",""expires_in"":3600,""refresh_token"":""eyJhbGciOiJIUzI1NiIsInR5cCI6IkpXVCJ9.eyJhdWQiOiJPUkcyMDI1MDAxLUNMSUVOVC1JRCIsImp0aSI6ImMwZTg2M2U3LTQ5OGUtNDMxNS1iYzZlLWZhNWE3YTdmMzViMSIsImV4cCI6MTczODUzNzE0Niwic2NvcGUiOiJpcCIsImlhdCI6MTczODQ1MDc0Nn0.kmPln0xgOwsvzKzN8TSiMjhnHZLr2_MxCvIZ2mWdoyM"",""refresh_token_expires_in"":86400}"
28,NqSud6Wo6L,GyGrBf89lj,ORG2025001,ORG2025002,DSjnnO9qvZ,bank.deposit,"{""rsp_code"":""0000"",""rsp_msg"":""Success"",""search_timestamp"":""2025-02-01T22:59:06.952Z"",""basic_cnt"":1,""basicList"":[{""currency_code"":""PHP"",""saving_method"":""METHOD_02"",""issue_date"":""2024-04-04T20:25:42.398Z"",""exp_date"":""2025-05-20T02:07:06.390Z"",""commit_amt"":""580012.437"",""monthly_paid_in_amt"":""798.653""}]}"
29,Wk7jjjpBR6,7fy7SkFqIy,ORG2025001,ORG2025002,9suKYC9tRj,bank.deposit,"{""rsp_code"":""0000"",""rsp_msg"":""Success"",""search_timestamp"":""2025-02-01T22:59:07.578Z"",""detail_cnt"":1,""detailList"":[{""currency_code"":""PHP"",""balance_amt"":""52447.377"",""withdrawable_amt"":""50254.661"",""offered_rate"":""0.033"",""last_paid_in_cnt"":1}]}"
30,QZ5rfvRCng,4tD2BoVpzv,ORG2025001,ORG2025002,OuInHumTWY,bank.ca,"{""rsp_code"":""0000"",""rsp_msg"":""Success"",""tx_id"":""MD_ORG2025001_ORG2025002_RA20250002_CA20250001_20250201225910_XXAB00490000"",""token_type"":""Bearer"",""access_token"":""eyJhbGciOiJIUzI1NiIsInR5cCI6IkpXVCJ9.eyJhdWQiOiJPUkcyMDI1MDAxLUNMSUVOVC1JRCIsImp0aSI6IjU4YzdiODFlLWIxODQtNGM3ZC1hZjNlLTAyODg1ODc4ODJlZSIsImV4cCI6MTczODQ1NDM1MSwic2NvcGUiOiJpcCIsImlhdCI6MTczODQ1MDc1MX0.SlEOSaMACoX9y4Exq8SYsdOuoxhVieq4pOLCmWvqk3Q"",""expires_in"":3600,""refresh_token"":""eyJhbGciOiJIUzI1NiIsInR5cCI6IkpXVCJ9.eyJhdWQiOiJPUkcyMDI1MDAxLUNMSUVOVC1JRCIsImp0aSI6Ijk3ODNhNGMxLWQzZDUtNDgyOS05NzliLThiOTlkMGU3NmFmMyIsImV4cCI6MTczODUzNzE1MSwic2NvcGUiOiJpcCIsImlhdCI6MTczODQ1MDc1MX0.4BA5544kb7lHtZ_HD5pu4RJZVYXYkKOdH0Whz2kr1TI"",""refresh_token_expires_in"":86400}"
31,ky2kz3HLs5,aRhBamZqQH,ORG2025001,ORG2025002,tDfV9iSRyt,bank.ca,"{""rsp_code"":""0000"",""rsp_msg"":""Success"",""tx_id"":""MD_ORG2025001_ORG2025002_RA20250004_CA20250001_20250201225914_XXAB00490000"",""token_type"":""Bearer"",""access_token"":""eyJhbGciOiJIUzI1NiIsInR5cCI6IkpXVCJ9.eyJhdWQiOiJPUkcyMDI1MDAxLUNMSUVOVC1JRCIsImp0aSI6IjNiOWUzOTY4LWJlMTktNDU4OC04NDY1LTEwZTk3ZjIxYTUyMiIsImV4cCI6MTczODQ1NDM1Niwic2NvcGUiOiJpcCIsImlhdCI6MTczODQ1MDc1Nn0.UVvGftat7cPbrNcpt-r8Uuql683cth1M1RDgP1vdOVs"",""expires_in"":3600,""refresh_token"":""eyJhbGciOiJIUzI1NiIsInR5cCI6IkpXVCJ9.eyJhdWQiOiJPUkcyMDI1MDAxLUNMSUVOVC1JRCIsImp0aSI6ImQxZTU4ZmIyLWNjOWItNDAwNy04NTUwLTdjZjAwZTgzZTY5OCIsImV4cCI6MTczODUzNzE1Niwic2NvcGUiOiJpcCIsImlhdCI6MTczODQ1MDc1Nn0.oiJRSuhCe-bFt2w_7_zVbHiuCTBHenT9Rmbhc8PKaII"",""refresh_token_expires_in"":86400}"
32,9spAuN6a5Q,V9wSvp8IS7,ORG2025001,ORG2025002,pOVyIxPub6,bank.deposit,"{""rsp_code"":""0000"",""rsp_msg"":""Success"",""search_timestamp"":""2025-02-01T22:59:16.881Z"",""detail_cnt"":1,""detailList"":[{""currency_code"":""PHP"",""balance_amt"":""432331.354"",""withdrawable_amt"":""430877.219"",""offered_rate"":""0.034"",""last_paid_in_cnt"":3}]}"
33,MEVf87lUmp,rw6xPZAeB5,ORG2025001,ORG2025002,ECY2jWDEEm,bank.ca,"{""rsp_code"":""0000"",""rsp_msg"":""Success"",""tx_id"":""MD_ORG2025001_ORG2025002_RA20250005_CA20250001_20250201225919_XXAB00490000"",""token_type"":""Bearer"",""access_token"":""eyJhbGciOiJIUzI1NiIsInR5cCI6IkpXVCJ9.eyJhdWQiOiJPUkcyMDI1MDAxLUNMSUVOVC1JRCIsImp0aSI6IjRmMTQ3MDhkLTQxYWUtNGNlNy05MGFhLTM1ZGYzN2JhNzI2NCIsImV4cCI6MTczODQ1NDM2MSwic2NvcGUiOiJpcCIsImlhdCI6MTczODQ1MDc2MX0.9cGVts5UvxKf8avolp7a75CrHJ-K5uhxyFI8oirBnUg"",""expires_in"":3600,""refresh_token"":""eyJhbGciOiJIUzI1NiIsInR5cCI6IkpXVCJ9.eyJhdWQiOiJPUkcyMDI1MDAxLUNMSUVOVC1JRCIsImp0aSI6IjY0YzM5NTNkLWExZGItNGU5YS1hYWI1LWNhZTkyZWIxMjBhNCIsImV4cCI6MTczODUzNzE2MSwic2NvcGUiOiJpcCIsImlhdCI6MTczODQ1MDc2MX0.26Gkg8UDrjp_4wmE8VMnjCRybfxcSxcy-XApPeBsYrA"",""refresh_token_expires_in"":86400}"
34,oHMJgRCtsO,tn9bPoWCJq,ORG2025001,ORG2025002,b4wJSlEVK8,bank.deposit,"{""rsp_code"":""0000"",""rsp_msg"":""Success"",""search_timestamp"":""2025-02-01T22:59:22.055Z"",""basic_cnt"":1,""basicList"":[{""currency_code"":""KRW"",""saving_method"":""METHOD_03"",""issue_date"":""2024-03-11T00:26:42.265Z"",""exp_date"":""2025-09-29T11:27:41.776Z"",""commit_amt"":""902993.009"",""monthly_paid_in_amt"":""849.5119999999999""}]}"
35,iT2aPxfWTK,XioWaiwAy2,ORG2025001,ORG2025002,qvCsDNESjS,bank.deposit,"{""rsp_code"":""0000"",""rsp_msg"":""Success"",""search_timestamp"":""2025-02-01T22:59:22.671Z"",""detail_cnt"":1,""detailList"":[{""currency_code"":""KRW"",""balance_amt"":""17193.823"",""withdrawable_amt"":""14900.9"",""offered_rate"":""0.026"",""last_paid_in_cnt"":4}]}"
36,azR9ert27t,p2zxY6G6zc,ORG2025001,ORG2025002,8VKhX4Qdr7,bank.ca,"{""rsp_code"":""0000"",""rsp_msg"":""Success"",""tx_id"":""MD_ORG2025001_ORG2025002_RA20250003_CA20250001_20250201225925_XXAB00490000"",""token_type"":""Bearer"",""access_token"":""eyJhbGciOiJIUzI1NiIsInR5cCI6IkpXVCJ9.eyJhdWQiOiJPUkcyMDI1MDAxLUNMSUVOVC1JRCIsImp0aSI6ImFjZTg1MDRlLWVlYzAtNDU1OS1iZmI0LWM5MWU1NzFjYjMyMSIsImV4cCI6MTczODQ1NDM2Niwic2NvcGUiOiJpcCIsImlhdCI6MTczODQ1MDc2Nn0.LKpsrY6nIbH5KAqD0Agg36GMLLk97OimrTmozWtB68A"",""expires_in"":3600,""refresh_token"":""eyJhbGciOiJIUzI1NiIsInR5cCI6IkpXVCJ9.eyJhdWQiOiJPUkcyMDI1MDAxLUNMSUVOVC1JRCIsImp0aSI6ImNhMzZiNzRiLTkyNTgtNDM4ZC1hMmZkLTRhMzFjN2MyOWFlYiIsImV4cCI6MTczODUzNzE2Niwic2NvcGUiOiJpcCIsImlhdCI6MTczODQ1MDc2Nn0.49ws8WgoJ9Aj5RnE3ICZCaVSZGqVtaM62UMiqbYBGdY"",""refresh_token_expires_in"":86400}"
37,wU3bH14umk,Oy0xKGoETv,ORG2025001,ORG2025002,B7Stc4DT4H,bank.ca,"{""rsp_code"":""0000"",""rsp_msg"":""Success"",""tx_id"":""MD_ORG2025001_ORG2025002_RA20250004_CA20250001_20250201225929_XXAB00490000"",""token_type"":""Bearer"",""access_token"":""eyJhbGciOiJIUzI1NiIsInR5cCI6IkpXVCJ9.eyJhdWQiOiJPUkcyMDI1MDAxLUNMSUVOVC1JRCIsImp0aSI6IjFmYmEyNWYyLTBkMmUtNGEyOS1hZjIwLTM1MzY4NzM4MDdiOCIsImV4cCI6MTczODQ1NDM3MSwic2NvcGUiOiJpcCIsImlhdCI6MTczODQ1MDc3MX0.zAt-qKMggmVGtXmU3U_Cnz2dWrxk3NYp1cxTsH59nMs"",""expires_in"":3600,""refresh_token"":""eyJhbGciOiJIUzI1NiIsInR5cCI6IkpXVCJ9.eyJhdWQiOiJPUkcyMDI1MDAxLUNMSUVOVC1JRCIsImp0aSI6IjEzMDUwMmQyLWMzNmItNDc5My05ZjRkLWJkZGVhMjRlMjY5YSIsImV4cCI6MTczODUzNzE3MSwic2NvcGUiOiJpcCIsImlhdCI6MTczODQ1MDc3MX0.Iu7GqseF2OwyBCO6zUd_KyPdcWzh01WpeujWqmGbUfk"",""refresh_token_expires_in"":86400}"
38,lAtKeynWp7,n3kSay5A25,ORG2025001,ORG2025002,Mb1ZVL4HBE,bank.ca,"{""rsp_code"":""0000"",""rsp_msg"":""Success"",""tx_id"":""MD_ORG2025001_ORG2025002_RA20250002_CA20250001_20250201225933_XXAB00490000"",""token_type"":""Bearer"",""access_token"":""eyJhbGciOiJIUzI1NiIsInR5cCI6IkpXVCJ9.eyJhdWQiOiJPUkcyMDI1MDAxLUNMSUVOVC1JRCIsImp0aSI6IjdmYThiNDgyLTU3YzUtNDA0Yy1hY2Q3LWE4NjcyNDI0YTYxYyIsImV4cCI6MTczODQ1NDM3NSwic2NvcGUiOiJpcCIsImlhdCI6MTczODQ1MDc3NX0.Apd3LpOfHtkWFvs3_0PjRK0Z9a0CTVL4WHDKOH4KJqI"",""expires_in"":3600,""refresh_token"":""eyJhbGciOiJIUzI1NiIsInR5cCI6IkpXVCJ9.eyJhdWQiOiJPUkcyMDI1MDAxLUNMSUVOVC1JRCIsImp0aSI6IjA4YWJhZmQxLWUxY2ItNDcxMC04ODJjLTIxMmYwODA0YWIyOSIsImV4cCI6MTczODUzNzE3NSwic2NvcGUiOiJpcCIsImlhdCI6MTczODQ1MDc3NX0.YHA_ws85hNtJWlNwapzF66UyfNFN9xju4e-X2P9qKN8"",""refresh_token_expires_in"":86400}"
39,po0TaYjS1D,1PA6d21NYd,ORG2025001,ORG2025002,9fhTAPz3z3,bank.deposit,"{""rsp_code"":""0000"",""rsp_msg"":""Success"",""search_timestamp"":""2025-02-01T22:59:36.489Z"",""basic_cnt"":1,""basicList"":[{""currency_code"":""USD"",""saving_method"":""METHOD_01"",""issue_date"":""2024-11-14T21:52:27.793Z"",""exp_date"":""2025-06-09T12:52:57.798Z"",""commit_amt"":""563533.49"",""monthly_paid_in_amt"":""4380.619""}]}"
40,V72ZwCKPlv,SlHUU0x2d9,ORG2025001,ORG2025002,qKigtwXaDR,bank.ca,"{""rsp_code"":""0000"",""rsp_msg"":""Success"",""tx_id"":""MD_ORG2025001_ORG2025002_RA20250003_CA20250001_20250201225938_XXAB00490000"",""token_type"":""Bearer"",""access_token"":""eyJhbGciOiJIUzI1NiIsInR5cCI6IkpXVCJ9.eyJhdWQiOiJPUkcyMDI1MDAxLUNMSUVOVC1JRCIsImp0aSI6Ijc3NDNmM2E2LTQ0M2MtNDMwOC1iNWNlLTMyY2EzODc3NmQ3YSIsImV4cCI6MTczODQ1NDM4MSwic2NvcGUiOiJpcCIsImlhdCI6MTczODQ1MDc4MX0.dpoXoJv0JGX2p3y0KkBIQtj2vjF5R3b2OLEzSkj-5G4"",""expires_in"":3600,""refresh_token"":""eyJhbGciOiJIUzI1NiIsInR5cCI6IkpXVCJ9.eyJhdWQiOiJPUkcyMDI1MDAxLUNMSUVOVC1JRCIsImp0aSI6IjY4MjhmMGM0LTEwYTgtNDExMC05YTBiLTMxOTUzMmRhYjY5OCIsImV4cCI6MTczODUzNzE4MSwic2NvcGUiOiJpcCIsImlhdCI6MTczODQ1MDc4MX0.VUi6qoEKG_e3FZxN1yFc7KhLnPzy0xX-dTFtIAsh9iE"",""refresh_token_expires_in"":86400}"
41,UBsMFSSPoE,H9SmcUfsSc,ORG2025001,ORG2025002,yVuOnh1GFw,bank.ca,"{""rsp_code"":""0000"",""rsp_msg"":""Success"",""tx_id"":""MD_ORG2025001_ORG2025002_RA20250003_CA20250001_20250201225943_XXAB00490000"",""token_type"":""Bearer"",""access_token"":""eyJhbGciOiJIUzI1NiIsInR5cCI6IkpXVCJ9.eyJhdWQiOiJPUkcyMDI1MDAxLUNMSUVOVC1JRCIsImp0aSI6IjFmMjc1Nzg3LTI5MTQtNGIxYS1iZjcxLTdlZDk3NDM1YTRkOCIsImV4cCI6MTczODQ1NDM4NSwic2NvcGUiOiJpcCIsImlhdCI6MTczODQ1MDc4NX0.sNIJQm96NlWE2cKlfSXZOwjyYR1kHR9C2-pfW2YAWg4"",""expires_in"":3600,""refresh_token"":""eyJhbGciOiJIUzI1NiIsInR5cCI6IkpXVCJ9.eyJhdWQiOiJPUkcyMDI1MDAxLUNMSUVOVC1JRCIsImp0aSI6IjUxZTcwOGI1LWU0MjAtNDNiZC05YWYwLTFhOGY4OTg1YzVjOSIsImV4cCI6MTczODUzNzE4NSwic2NvcGUiOiJpcCIsImlhdCI6MTczODQ1MDc4NX0.syhv1sD_wXB9y8c8O54ItQmayXaZLzJfZ2F1X5EgR3M"",""refresh_token_expires_in"":86400}"
42,n1P9cB6f3d,VBphFt7k5G,ORG2025001,ORG2025002,QqoViREUSH,bank.deposit,"{""rsp_code"":""0000"",""rsp_msg"":""Success"",""search_timestamp"":""2025-02-01T22:59:46.282Z"",""basic_cnt"":1,""basicList"":[{""currency_code"":""KRW"",""saving_method"":""METHOD_03"",""issue_date"":""2024-08-21T23:59:43.066Z"",""exp_date"":""2025-02-16T13:57:39.060Z"",""commit_amt"":""943685.55"",""monthly_paid_in_amt"":""2007.575""}]}"
43,5sQ3K60fj0,ZcVGUqRDH2,ORG2025001,ORG2025002,DSZXPEwYWL,bank.ca,"{""rsp_code"":""0000"",""rsp_msg"":""Success"",""tx_id"":""MD_ORG2025001_ORG2025002_RA20250003_CA20250001_20250201225948_XXAB00490000"",""token_type"":""Bearer"",""access_token"":""eyJhbGciOiJIUzI1NiIsInR5cCI6IkpXVCJ9.eyJhdWQiOiJPUkcyMDI1MDAxLUNMSUVOVC1JRCIsImp0aSI6ImViNDMyZDQ4LTExNWQtNGM3Mi1iZTZlLTU0NjE2MTAwNjg4YSIsImV4cCI6MTczODQ1NDM5MSwic2NvcGUiOiJpcCIsImlhdCI6MTczODQ1MDc5MX0.d0sMyTmToThRJbrivxQLzhYc6YsGuMrigugFRwB-s-g"",""expires_in"":3600,""refresh_token"":""eyJhbGciOiJIUzI1NiIsInR5cCI6IkpXVCJ9.eyJhdWQiOiJPUkcyMDI1MDAxLUNMSUVOVC1JRCIsImp0aSI6IjU1MjQ1ZWQ3LWY4NzItNDE0Yi1hMTc5LWM0NDZjMTE5ZTU0NCIsImV4cCI6MTczODUzNzE5MSwic2NvcGUiOiJpcCIsImlhdCI6MTczODQ1MDc5MX0.Oh8a8PJ_G4JQsnWp1niMqURvwrUQ2vqCv0kPVlwhiUs"",""refresh_token_expires_in"":86400}"
44,a5gZFk70lY,44095aL5Jl,ORG2025001,ORG2025002,Kg6r3BWY3h,bank.deposit,"{""rsp_code"":""0000"",""rsp_msg"":""Success"",""search_timestamp"":""2025-02-01T22:59:51.661Z"",""basic_cnt"":1,""basicList"":[{""currency_code"":""PHP"",""saving_method"":""METHOD_01"",""issue_date"":""2024-07-01T05:13:08.205Z"",""exp_date"":""2025-07-15T16:47:39.185Z"",""commit_amt"":""940522.3590000001"",""monthly_paid_in_amt"":""1302.597""}]}"
45,DS7r2qHCdb,1NmklYtLRE,ORG2025001,ORG2025002,0uUOEApoW3,bank.deposit,"{""rsp_code"":""0000"",""rsp_msg"":""Success"",""search_timestamp"":""2025-02-01T22:59:52.280Z"",""detail_cnt"":1,""detailList"":[{""currency_code"":""PHP"",""balance_amt"":""25908.867"",""withdrawable_amt"":""23743.738"",""offered_rate"":""0.046"",""last_paid_in_cnt"":0}]}"
46,MMYzw4b6AM,rY1kuaxpUk,ORG2025001,ORG2025002,p9UYU2StWw,bank.ca,"{""rsp_code"":""0000"",""rsp_msg"":""Success"",""tx_id"":""MD_ORG2025001_ORG2025002_RA20250001_CA20250001_20250201225954_XXAB00490000"",""token_type"":""Bearer"",""access_token"":""eyJhbGciOiJIUzI1NiIsInR5cCI6IkpXVCJ9.eyJhdWQiOiJPUkcyMDI1MDAxLUNMSUVOVC1JRCIsImp0aSI6IjEyMGUwZTgxLThhYzQtNGQzZS1iYmRjLWUyMzk3ZjZiMzI0YSIsImV4cCI6MTczODQ1NDM5Niwic2NvcGUiOiJpcCIsImlhdCI6MTczODQ1MDc5Nn0.xHanBmBetG1fkU591u-0cGDm_7CNyaW_d2sf09MClj0"",""expires_in"":3600,""refresh_token"":""eyJhbGciOiJIUzI1NiIsInR5cCI6IkpXVCJ9.eyJhdWQiOiJPUkcyMDI1MDAxLUNMSUVOVC1JRCIsImp0aSI6IjI4ZmY4OGY1LWQ5MGYtNGRjOS1iZjhmLWZiOWU3OWJlMGEyMiIsImV4cCI6MTczODUzNzE5Niwic2NvcGUiOiJpcCIsImlhdCI6MTczODQ1MDc5Nn0.5YAebINc43fTDJgOIrffyUX-yi3cdfEWOUkm9nXvdWM"",""refresh_token_expires_in"":86400}"
47,WwSmPe6SL1,oX1uuY1NsB,ORG2025001,ORG2025002,zaHoBv7um5,bank.deposit,"{""rsp_code"":""0000"",""rsp_msg"":""Success"",""search_timestamp"":""2025-02-01T22:59:57.450Z"",""basic_cnt"":1,""basicList"":[{""currency_code"":""USD"",""saving_method"":""METHOD_02"",""issue_date"":""2024-01-03T01:50:41.870Z"",""exp_date"":""2025-05-28T22:40:39.389Z"",""commit_amt"":""543172.595"",""monthly_paid_in_amt"":""4746.148""}]}"
48,9ALFY0D5Mg,a60wkxvYQm,ORG2025001,ORG2025002,c6bdbM76Fi,bank.ca,"{""rsp_code"":""0000"",""rsp_msg"":""Success"",""tx_id"":""MD_ORG2025001_ORG2025002_RA20250002_CA20250001_20250201230000_XXAB00490000"",""token_type"":""Bearer"",""access_token"":""eyJhbGciOiJIUzI1NiIsInR5cCI6IkpXVCJ9.eyJhdWQiOiJPUkcyMDI1MDAxLUNMSUVOVC1JRCIsImp0aSI6ImNiZjRkNzZlLWMyNmEtNGZmOS1hOTU0LTY2NDE3OWQ3NzcxNSIsImV4cCI6MTczODQ1NDQwMiwic2NvcGUiOiJpcCIsImlhdCI6MTczODQ1MDgwMn0.rZzUBYjcjprOAnEI0ieatujw3IrkPNcY7AUJ6nRdSZ4"",""expires_in"":3600,""refresh_token"":""eyJhbGciOiJIUzI1NiIsInR5cCI6IkpXVCJ9.eyJhdWQiOiJPUkcyMDI1MDAxLUNMSUVOVC1JRCIsImp0aSI6ImQ0NGZlNGU1LTRmNmMtNDE2Ny04MTRlLTU1NDlkNjEyMDkwMiIsImV4cCI6MTczODUzNzIwMiwic2NvcGUiOiJpcCIsImlhdCI6MTczODQ1MDgwMn0.ap8wsgeF4MSb1xWL1tdAYwxmC6R-dUepnbZAngDeOPU"",""refresh_token_expires_in"":86400}"
49,6CTbAf2Geb,RG0QIAc3MF,ORG2025001,ORG2025002,KPpaAvU2xd,bank.deposit,"{""rsp_code"":""0000"",""rsp_msg"":""Success"",""search_timestamp"":""2025-02-01T23:00:02.682Z"",""detail_cnt"":1,""detailList"":[{""currency_code"":""PHP"",""balance_amt"":""492665.786"",""withdrawable_amt"":""490794.305"",""offered_rate"":""0.035"",""last_paid_in_cnt"":6}]}"
50,bBMMn4WubF,5Odqe0E7dT,ORG2025001,ORG2025002,b9LSe3YA0O,bank.ca,"{""rsp_code"":""0000"",""rsp_msg"":""Success"",""tx_id"":""MD_ORG2025001_ORG2025002_RA20250004_CA20250001_20250201230005_XXAB00490000"",""token_type"":""Bearer"",""access_token"":""eyJhbGciOiJIUzI1NiIsInR5cCI6IkpXVCJ9.eyJhdWQiOiJPUkcyMDI1MDAxLUNMSUVOVC1JRCIsImp0aSI6IjU3NzI0NTM4LTUwZjMtNDMzZS1hMDU1LWVhYmQ2OTdmNzc3NyIsImV4cCI6MTczODQ1NDQwNywic2NvcGUiOiJpcCIsImlhdCI6MTczODQ1MDgwN30.vamCn8nHmUsBdu-hT5D6xN6zoOupaXiin-BH9icJlYc"",""expires_in"":3600,""refresh_token"":""eyJhbGciOiJIUzI1NiIsInR5cCI6IkpXVCJ9.eyJhdWQiOiJPUkcyMDI1MDAxLUNMSUVOVC1JRCIsImp0aSI6ImEwY2Y1MWFiLWI2NTctNDAyMy04NzJmLTllNWVkOThiMTcyMCIsImV4cCI6MTczODUzNzIwNywic2NvcGUiOiJpcCIsImlhdCI6MTczODQ1MDgwN30.mnc5Wd-IS19LkzjKag1N9VDcWVAK06HBbvQwPvfDkk8"",""refresh_token_expires_in"":86400}"
51,GTfSj0Smag,mYEpwVMwBR,ORG2025001,ORG2025002,quv8T5101q,bank.deposit,"{""rsp_code"":""0000"",""rsp_msg"":""Success"",""search_timestamp"":""2025-02-01T23:00:07.848Z"",""basic_cnt"":1,""basicList"":[{""currency_code"":""USD"",""saving_method"":""METHOD_03"",""issue_date"":""2023-12-06T21:41:21.873Z"",""exp_date"":""2026-01-03T10:51:02.916Z"",""commit_amt"":""887420.4129999999"",""monthly_paid_in_amt"":""2536.748""}]}"
52,iicd1DPyjT,ndGAYpxOy0,ORG2025001,ORG2025002,QyzKiMtZcs,bank.ca,"{""rsp_code"":""0000"",""rsp_msg"":""Success"",""tx_id"":""MD_ORG2025001_ORG2025002_RA20250003_CA20250001_20250201230010_XXAB00490000"",""token_type"":""Bearer"",""access_token"":""eyJhbGciOiJIUzI1NiIsInR5cCI6IkpXVCJ9.eyJhdWQiOiJPUkcyMDI1MDAxLUNMSUVOVC1JRCIsImp0aSI6IjVlNWYzOGM4LTJhNzUtNDY1MC05YmM5LTdmN2Q5Njk0MDU0NSIsImV4cCI6MTczODQ1NDQxMiwic2NvcGUiOiJpcCIsImlhdCI6MTczODQ1MDgxMn0.QsV3K1ssNY7EE81jktQ0d3UKgsIJlG0P-YwPxHOaqS8"",""expires_in"":3600,""refresh_token"":""eyJhbGciOiJIUzI1NiIsInR5cCI6IkpXVCJ9.eyJhdWQiOiJPUkcyMDI1MDAxLUNMSUVOVC1JRCIsImp0aSI6ImM1ZDU5ZWJmLTAyOTgtNDUyYy1iZDIwLTc5MGNmMmM3MDgzMCIsImV4cCI6MTczODUzNzIxMiwic2NvcGUiOiJpcCIsImlhdCI6MTczODQ1MDgxMn0.y7c2uVSOlj2fXu2g1WxMhFwTkBlDv2-UK0-CHK7SnqY"",""refresh_token_expires_in"":86400}"
53,Yc5N9MFAgK,88LPLUPsYA,ORG2025001,ORG2025002,GuZJOowGQw,bank.deposit,"{""rsp_code"":""0000"",""rsp_msg"":""Success"",""search_timestamp"":""2025-02-01T23:00:13.104Z"",""basic_cnt"":1,""basicList"":[{""currency_code"":""KRW"",""saving_method"":""METHOD_03"",""issue_date"":""2023-05-11T23:29:13.067Z"",""exp_date"":""2025-10-31T02:42:44.270Z"",""commit_amt"":""415058.57"",""monthly_paid_in_amt"":""1953.041""}]}"
54,qIZuhqk5Y0,t7F4BDxD5b,ORG2025001,ORG2025002,X6zvZzkedo,bank.ca,"{""rsp_code"":""0000"",""rsp_msg"":""Success"",""tx_id"":""MD_ORG2025001_ORG2025002_RA20250002_CA20250001_20250201230015_XXAB00490000"",""token_type"":""Bearer"",""access_token"":""eyJhbGciOiJIUzI1NiIsInR5cCI6IkpXVCJ9.eyJhdWQiOiJPUkcyMDI1MDAxLUNMSUVOVC1JRCIsImp0aSI6IjJlNmNlZDcyLTg1YWQtNDU1Yi05ZDJhLTczNmEyZGUxYTkzZSIsImV4cCI6MTczODQ1NDQxNywic2NvcGUiOiJpcCIsImlhdCI6MTczODQ1MDgxN30.W_Nn7WAo_qgwtI2ki3--YieG7rl3lmnC86N6oLx8PkA"",""expires_in"":3600,""refresh_token"":""eyJhbGciOiJIUzI1NiIsInR5cCI6IkpXVCJ9.eyJhdWQiOiJPUkcyMDI1MDAxLUNMSUVOVC1JRCIsImp0aSI6ImUzNjQzYzkzLTk2NmUtNDg1OS04OTBkLTQ2NWRlODdmZWQwMiIsImV4cCI6MTczODUzNzIxNywic2NvcGUiOiJpcCIsImlhdCI6MTczODQ1MDgxN30.tP8yz4-71Zux_qjmCmfTp8QJdBouzlFyxV1jVGLqC6Q"",""refresh_token_expires_in"":86400}"
55,6HmaMizL1L,gsCqYldd0N,ORG2025001,ORG2025002,uqMNAjVyDx,bank.ca,"{""rsp_code"":""0000"",""rsp_msg"":""Success"",""tx_id"":""MD_ORG2025001_ORG2025002_RA20250001_CA20250001_20250201230020_XXAB00490000"",""token_type"":""Bearer"",""access_token"":""eyJhbGciOiJIUzI1NiIsInR5cCI6IkpXVCJ9.eyJhdWQiOiJPUkcyMDI1MDAxLUNMSUVOVC1JRCIsImp0aSI6ImY5MTRlNTk4LTdlNDItNGVjNS05Nzg4LTA0NmYwYTYwYjg0NyIsImV4cCI6MTczODQ1NDQyMSwic2NvcGUiOiJpcCIsImlhdCI6MTczODQ1MDgyMX0.Iam2fOnflGstls5gjmhcHSQkx_hPj3cU9VsHWl9Qovo"",""expires_in"":3600,""refresh_token"":""eyJhbGciOiJIUzI1NiIsInR5cCI6IkpXVCJ9.eyJhdWQiOiJPUkcyMDI1MDAxLUNMSUVOVC1JRCIsImp0aSI6IjViZjk2MTA2LTQwNzctNGY0OC1hMmJjLTAwZWUyNDZmNjZkMiIsImV4cCI6MTczODUzNzIyMSwic2NvcGUiOiJpcCIsImlhdCI6MTczODQ1MDgyMX0.J8sE9tSSIp2zHJ4ySv4oauW54DoNfTo9IUU9dn6QdOc"",""refresh_token_expires_in"":86400}"
56,Bj1P1nujwO,fvQ6zV3GyK,ORG2025001,ORG2025002,o8RZJinuxs,bank.deposit,"{""rsp_code"":""0000"",""rsp_msg"":""Success"",""search_timestamp"":""2025-02-01T23:00:22.576Z"",""basic_cnt"":1,""basicList"":[{""currency_code"":""PHP"",""saving_method"":""METHOD_03"",""issue_date"":""2023-08-08T07:25:37.293Z"",""exp_date"":""2025-02-10T17:04:46.165Z"",""commit_amt"":""301467.427"",""monthly_paid_in_amt"":""2289.269""}]}"
57,NwqpmtjDC8,tz0XxEnM3g,ORG2025001,ORG2025002,jLzHrTwOGJ,bank.ca,"{""rsp_code"":""0000"",""rsp_msg"":""Success"",""tx_id"":""MD_ORG2025001_ORG2025002_RA20250004_CA20250001_20250201230025_XXAB00490000"",""token_type"":""Bearer"",""access_token"":""eyJhbGciOiJIUzI1NiIsInR5cCI6IkpXVCJ9.eyJhdWQiOiJPUkcyMDI1MDAxLUNMSUVOVC1JRCIsImp0aSI6IjZkYjFmOWY2LWFiZWItNGM0MC1hMjk3LTQ3YjQ4MjMzNzI5NiIsImV4cCI6MTczODQ1NDQyNywic2NvcGUiOiJpcCIsImlhdCI6MTczODQ1MDgyN30.wcQ_cZWmEaD-bqgECu4iNIdclVYn79cQJqhH6m9YPr8"",""expires_in"":3600,""refresh_token"":""eyJhbGciOiJIUzI1NiIsInR5cCI6IkpXVCJ9.eyJhdWQiOiJPUkcyMDI1MDAxLUNMSUVOVC1JRCIsImp0aSI6IjNlMWUyZjUyLTUyMjgtNDYzMy05OGVjLTQ5ODNlYjA3YmUyMiIsImV4cCI6MTczODUzNzIyNywic2NvcGUiOiJpcCIsImlhdCI6MTczODQ1MDgyN30.Zq1GbCRu9oHaMSrEYI_6lSxfGJ98Nl2SXZggyEihXXQ"",""refresh_token_expires_in"":86400}"
58,AFELoQSEIg,FrLy4gQhsd,ORG2025001,ORG2025002,7pyiRHYkVm,bank.ca,"{""rsp_code"":""0000"",""rsp_msg"":""Success"",""tx_id"":""MD_ORG2025001_ORG2025002_RA20250001_CA20250001_20250201230029_XXAB00490000"",""token_type"":""Bearer"",""access_token"":""eyJhbGciOiJIUzI1NiIsInR5cCI6IkpXVCJ9.eyJhdWQiOiJPUkcyMDI1MDAxLUNMSUVOVC1JRCIsImp0aSI6IjU0YzVkMWExLTg5MzctNDQ4My05Y2E1LWIzNDRiNTMwZmU3ZiIsImV4cCI6MTczODQ1NDQzMSwic2NvcGUiOiJpcCIsImlhdCI6MTczODQ1MDgzMX0.iGvC9NEXAMbJLxGWGuhprB7z1l62ptS1rCegEsUEmZA"",""expires_in"":3600,""refresh_token"":""eyJhbGciOiJIUzI1NiIsInR5cCI6IkpXVCJ9.eyJhdWQiOiJPUkcyMDI1MDAxLUNMSUVOVC1JRCIsImp0aSI6IjhiODc3YjVmLTZjY2EtNGM0Yi05MTgwLTRiMTQyYzBmMmU4YyIsImV4cCI6MTczODUzNzIzMSwic2NvcGUiOiJpcCIsImlhdCI6MTczODQ1MDgzMX0._d4mUCW9LwdVasxoOtOUCuxeMPP49anAfbksG3qdCWk"",""refresh_token_expires_in"":86400}"
59,erzLIuGNzz,Znu35dk7Y4,ORG2025001,ORG2025002,yDqvgHGX5C,bank.deposit,"{""rsp_code"":""0000"",""rsp_msg"":""Success"",""search_timestamp"":""2025-02-01T23:00:32.423Z"",""detail_cnt"":1,""detailList"":[{""currency_code"":""KRW"",""balance_amt"":""74996.505"",""withdrawable_amt"":""73321.86599999999"",""offered_rate"":""0.042"",""last_paid_in_cnt"":3}]}"
60,yM0f41Gdyz,S7mCG879du,ORG2025001,ORG2025002,tOjdPlsJIZ,bank.ca,"{""rsp_code"":""0000"",""rsp_msg"":""Success"",""tx_id"":""MD_ORG2025001_ORG2025002_RA20250001_CA20250001_20250201230034_XXAB00490000"",""token_type"":""Bearer"",""access_token"":""eyJhbGciOiJIUzI1NiIsInR5cCI6IkpXVCJ9.eyJhdWQiOiJPUkcyMDI1MDAxLUNMSUVOVC1JRCIsImp0aSI6ImM4ODM5OWE3LTMxNGUtNGFhOS04ZDExLTA0OTMwM2YxYWM4YyIsImV4cCI6MTczODQ1NDQzNywic2NvcGUiOiJpcCIsImlhdCI6MTczODQ1MDgzN30.4gyWG2Aj0_RINKWaqlYJTMQr1mBOtKWSJ1eKzArDegw"",""expires_in"":3600,""refresh_token"":""eyJhbGciOiJIUzI1NiIsInR5cCI6IkpXVCJ9.eyJhdWQiOiJPUkcyMDI1MDAxLUNMSUVOVC1JRCIsImp0aSI6ImUwNzA2NWI4LTY0MmYtNDg0ZS05MWQ1LWEyMDU2ZDhhNmY5ZiIsImV4cCI6MTczODUzNzIzNywic2NvcGUiOiJpcCIsImlhdCI6MTczODQ1MDgzN30.zRT7p_oJjp_BhQA4rWb7Iymv322AcMIFVaXZZ27cZLE"",""refresh_token_expires_in"":86400}"
61,mVvlKXBb8U,wWjzuuhoT2,ORG2025001,ORG2025002,uyikImZRLo,bank.deposit,"{""rsp_code"":""0000"",""rsp_msg"":""Success"",""search_timestamp"":""2025-02-01T23:00:37.714Z"",""detail_cnt"":1,""detailList"":[{""currency_code"":""KRW"",""balance_amt"":""478405.886"",""withdrawable_amt"":""475958.67"",""offered_rate"":""0.016"",""last_paid_in_cnt"":8}]}"
62,B7HSEYs1Tq,Y2IYyvMzC6,ORG2025001,ORG2025002,aLqNsWXocj,bank.ca,"{""rsp_code"":""0000"",""rsp_msg"":""Success"",""tx_id"":""MD_ORG2025001_ORG2025002_RA20250001_CA20250001_20250201230040_XXAB00490000"",""token_type"":""Bearer"",""access_token"":""eyJhbGciOiJIUzI1NiIsInR5cCI6IkpXVCJ9.eyJhdWQiOiJPUkcyMDI1MDAxLUNMSUVOVC1JRCIsImp0aSI6IjBlMjEyMTMyLTYyYmYtNGIyNi05ZmNmLTFlYzQxZGQzM2JhOSIsImV4cCI6MTczODQ1NDQ0Miwic2NvcGUiOiJpcCIsImlhdCI6MTczODQ1MDg0Mn0.uU3Ct42cjoiQb4EplHAwLM-EoHOvIyJu2-1WBSe02nM"",""expires_in"":3600,""refresh_token"":""eyJhbGciOiJIUzI1NiIsInR5cCI6IkpXVCJ9.eyJhdWQiOiJPUkcyMDI1MDAxLUNMSUVOVC1JRCIsImp0aSI6ImMyNjJiN2JhLTcwZDEtNDdhZC1hYzc2LTEzMzNiNjI4YmQxYSIsImV4cCI6MTczODUzNzI0Miwic2NvcGUiOiJpcCIsImlhdCI6MTczODQ1MDg0Mn0.bUl2qdGHwVaIM524DOquUan8iZZ2-iIoiPcw45p8N8U"",""refresh_token_expires_in"":86400}"
63,SC1TbO6YbC,qmGwDAIHWh,ORG2025001,ORG2025002,04fT7wXvNr,bank.deposit,"{""rsp_code"":""0000"",""rsp_msg"":""Success"",""search_timestamp"":""2025-02-01T23:00:42.775Z"",""basic_cnt"":1,""basicList"":[{""currency_code"":""KRW"",""saving_method"":""METHOD_02"",""issue_date"":""2024-04-22T01:44:55.398Z"",""exp_date"":""2025-12-14T23:12:25.792Z"",""commit_amt"":""792578.9080000001"",""monthly_paid_in_amt"":""3834.596""}]}"
64,CwfZ4RUDBy,keo31VdY8D,ORG2025001,ORG2025002,CfMF6fpwJR,bank.ca,"{""rsp_code"":""0000"",""rsp_msg"":""Success"",""tx_id"":""MD_ORG2025001_ORG2025002_RA20250001_CA20250001_20250201230045_XXAB00490000"",""token_type"":""Bearer"",""access_token"":""eyJhbGciOiJIUzI1NiIsInR5cCI6IkpXVCJ9.eyJhdWQiOiJPUkcyMDI1MDAxLUNMSUVOVC1JRCIsImp0aSI6IjMwYzQ1NzU5LWRjODgtNDMxNi04MGRiLTJiZDQ0NWQ5OTRlMiIsImV4cCI6MTczODQ1NDQ0Nywic2NvcGUiOiJpcCIsImlhdCI6MTczODQ1MDg0N30.UpB8R4Aa_oV2Fnwl2IeUny8aRcXktnnJI6ngwfrO87k"",""expires_in"":3600,""refresh_token"":""eyJhbGciOiJIUzI1NiIsInR5cCI6IkpXVCJ9.eyJhdWQiOiJPUkcyMDI1MDAxLUNMSUVOVC1JRCIsImp0aSI6IjQ3NmRjNjE1LTMzOWUtNDViNi1iYjVkLTFlM2Q1ZTI2MzMzZiIsImV4cCI6MTczODUzNzI0Nywic2NvcGUiOiJpcCIsImlhdCI6MTczODQ1MDg0N30.Rtpz9l4N_nM-ITu7CaEXcJx4I7WnKRFsQdU-uJIVcMU"",""refresh_token_expires_in"":86400}"
65,1cx0uL4L5i,iP33X91UFo,ORG2025001,ORG2025002,ooZJgVu1Em,bank.ca,"{""rsp_code"":""0000"",""rsp_msg"":""Success"",""tx_id"":""MD_ORG2025001_ORG2025002_RA20250002_CA20250001_20250201230049_XXAB00490000"",""token_type"":""Bearer"",""access_token"":""eyJhbGciOiJIUzI1NiIsInR5cCI6IkpXVCJ9.eyJhdWQiOiJPUkcyMDI1MDAxLUNMSUVOVC1JRCIsImp0aSI6IjU4MWY1YWM4LTg0YmItNDlhYi04YWU5LTE3MDQ4NmJkZWFmNSIsImV4cCI6MTczODQ1NDQ1MSwic2NvcGUiOiJpcCIsImlhdCI6MTczODQ1MDg1MX0.9tT32kTwt3UzblId5U0ph_Wwzsu1hHvecXukwpVR_oQ"",""expires_in"":3600,""refresh_token"":""eyJhbGciOiJIUzI1NiIsInR5cCI6IkpXVCJ9.eyJhdWQiOiJPUkcyMDI1MDAxLUNMSUVOVC1JRCIsImp0aSI6IjIxZjYwZjk0LWYxYmQtNGU0My04MzJkLWY0ZTI3OGQxMTY5NCIsImV4cCI6MTczODUzNzI1MSwic2NvcGUiOiJpcCIsImlhdCI6MTczODQ1MDg1MX0.f8KDJumuzvHq3wr2VdJPluJIUEEf2QcocJzXuVATjhI"",""refresh_token_expires_in"":86400}"
66,r7XyHB5DQY,GEpwWnN3x4,ORG2025001,ORG2025002,y7JvMbbUmT,bank.deposit,"{""rsp_code"":""0000"",""rsp_msg"":""Success"",""search_timestamp"":""2025-02-01T23:00:52.258Z"",""basic_cnt"":1,""basicList"":[{""currency_code"":""PHP"",""saving_method"":""METHOD_01"",""issue_date"":""2023-04-08T14:38:58.508Z"",""exp_date"":""2025-05-07T04:25:50.044Z"",""commit_amt"":""81197.137"",""monthly_paid_in_amt"":""997.355""}]}"
67,0kSvKq7xHM,8tDrkNf2Or,ORG2025001,ORG2025002,uNjRWSniqY,bank.deposit,"{""rsp_code"":""0000"",""rsp_msg"":""Success"",""search_timestamp"":""2025-02-01T23:00:52.969Z"",""detail_cnt"":1,""detailList"":[{""currency_code"":""PHP"",""balance_amt"":""120213.386"",""withdrawable_amt"":""117756.904"",""offered_rate"":""0.023"",""last_paid_in_cnt"":11}]}"
68,hRAZwSj38o,rAqnwQ8aBj,ORG2025001,ORG2025002,hUEuykUkcW,bank.ca,"{""rsp_code"":""0000"",""rsp_msg"":""Success"",""tx_id"":""MD_ORG2025001_ORG2025002_RA20250004_CA20250001_20250201230055_XXAB00490000"",""token_type"":""Bearer"",""access_token"":""eyJhbGciOiJIUzI1NiIsInR5cCI6IkpXVCJ9.eyJhdWQiOiJPUkcyMDI1MDAxLUNMSUVOVC1JRCIsImp0aSI6IjY3NjdjM2Q4LWNhYjEtNDA0Mi1hMGI2LTg5OWE0YTU5OGU5ZCIsImV4cCI6MTczODQ1NDQ1Nywic2NvcGUiOiJpcCIsImlhdCI6MTczODQ1MDg1N30.DDq3bI5EW_sWXr9m8nQLmbOwrZ13lIl_3KGqAlBiuK4"",""expires_in"":3600,""refresh_token"":""eyJhbGciOiJIUzI1NiIsInR5cCI6IkpXVCJ9.eyJhdWQiOiJPUkcyMDI1MDAxLUNMSUVOVC1JRCIsImp0aSI6ImZiYTlmMzZhLTE1ZTctNGZkYS05ZjViLTYzNDUzZjJhNDYxNyIsImV4cCI6MTczODUzNzI1Nywic2NvcGUiOiJpcCIsImlhdCI6MTczODQ1MDg1N30.4NjHoGt2WnRyny0GD8F-MYbE73Ldt5RXyw51KxniLU0"",""refresh_token_expires_in"":86400}"
69,fLGbUiF8Lt,oThvrcbSNh,ORG2025001,ORG2025002,wjVAotsXfz,bank.deposit,"{""rsp_code"":""0000"",""rsp_msg"":""Success"",""search_timestamp"":""2025-02-01T23:00:58.128Z"",""basic_cnt"":1,""basicList"":[{""currency_code"":""KRW"",""saving_method"":""METHOD_02"",""issue_date"":""2024-04-22T01:44:55.398Z"",""exp_date"":""2025-12-14T23:12:25.792Z"",""commit_amt"":""792578.9080000001"",""monthly_paid_in_amt"":""3834.596""}]}"
70,4TchO8Z2ls,Ygn84ltruP,ORG2025001,ORG2025002,eKNTU2cLdA,bank.deposit,"{""rsp_code"":""0000"",""rsp_msg"":""Success"",""search_timestamp"":""2025-02-01T23:00:58.749Z"",""detail_cnt"":1,""detailList"":[{""currency_code"":""KRW"",""balance_amt"":""340116.952"",""withdrawable_amt"":""340089.02"",""offered_rate"":""0.013"",""last_paid_in_cnt"":4}]}"
71,zSc3obWxTS,kiJSNiTgr2,ORG2025001,ORG2025002,utouZUbQFW,bank.ca,"{""rsp_code"":""0000"",""rsp_msg"":""Success"",""tx_id"":""MD_ORG2025001_ORG2025002_RA20250005_CA20250001_20250201230101_XXAB00490000"",""token_type"":""Bearer"",""access_token"":""eyJhbGciOiJIUzI1NiIsInR5cCI6IkpXVCJ9.eyJhdWQiOiJPUkcyMDI1MDAxLUNMSUVOVC1JRCIsImp0aSI6IjdjOTYzNzI4LTVjN2ItNGYxOC05NTk5LTMwNzY1NzY5NGRkYSIsImV4cCI6MTczODQ1NDQ2Mywic2NvcGUiOiJpcCIsImlhdCI6MTczODQ1MDg2M30.IOjCY1tZYamGFnaVR-g4FVoatw6lxWXPd8BzmhVEmOk"",""expires_in"":3600,""refresh_token"":""eyJhbGciOiJIUzI1NiIsInR5cCI6IkpXVCJ9.eyJhdWQiOiJPUkcyMDI1MDAxLUNMSUVOVC1JRCIsImp0aSI6ImRlZTJhYmRjLTcxMmEtNDkwYS1iZTBiLWEwOWEzOWEzYTVmZCIsImV4cCI6MTczODUzNzI2Mywic2NvcGUiOiJpcCIsImlhdCI6MTczODQ1MDg2M30.-GyeCs2sQRQwcIiPsL9AA2rgbNoHJxoy5EV04tm_DFE"",""refresh_token_expires_in"":86400}"
72,rYlg7nH6kP,sDLspDcmWG,ORG2025001,ORG2025002,idr1Xd16iC,bank.deposit,"{""rsp_code"":""0000"",""rsp_msg"":""Success"",""search_timestamp"":""2025-02-01T23:01:04.079Z"",""detail_cnt"":1,""detailList"":[{""currency_code"":""PHP"",""balance_amt"":""28727.427"",""withdrawable_amt"":""27725.586"",""offered_rate"":""0.019"",""last_paid_in_cnt"":6}]}"
73,hRROw39x5A,tBRYY7xvOQ,ORG2025001,ORG2025002,EfJfWNHpPr,bank.ca,"{""rsp_code"":""0000"",""rsp_msg"":""Success"",""tx_id"":""MD_ORG2025001_ORG2025002_RA20250003_CA20250001_20250201230106_XXAB00490000"",""token_type"":""Bearer"",""access_token"":""eyJhbGciOiJIUzI1NiIsInR5cCI6IkpXVCJ9.eyJhdWQiOiJPUkcyMDI1MDAxLUNMSUVOVC1JRCIsImp0aSI6ImQ5Nzk3ZDBiLTI4MDMtNDg1MC1hYzEwLTY4ZTMzMWE0OWRlYSIsImV4cCI6MTczODQ1NDQ2OCwic2NvcGUiOiJpcCIsImlhdCI6MTczODQ1MDg2OH0.ku4B7dKGpkxiLswQvnkohXlyIiAYfBMg85Q7T1Rby0M"",""expires_in"":3600,""refresh_token"":""eyJhbGciOiJIUzI1NiIsInR5cCI6IkpXVCJ9.eyJhdWQiOiJPUkcyMDI1MDAxLUNMSUVOVC1JRCIsImp0aSI6IjMxNjgxYTIyLWRiY2QtNDk3Zi05NDMwLWE0ZjEzZjE1ZWZlNyIsImV4cCI6MTczODUzNzI2OCwic2NvcGUiOiJpcCIsImlhdCI6MTczODQ1MDg2OH0.7ARhpv1baaJLd-6bjTz6TOxLUSxQIMT77sHa2rRP9s0"",""refresh_token_expires_in"":86400}"
74,OPQL5FshmR,zLWuc5vucF,ORG2025001,ORG2025002,GrKh1YREMN,bank.deposit,"{""rsp_code"":""0000"",""rsp_msg"":""Success"",""search_timestamp"":""2025-02-01T23:01:09.370Z"",""basic_cnt"":1,""basicList"":[{""currency_code"":""USD"",""saving_method"":""METHOD_01"",""issue_date"":""2023-07-13T12:25:59.017Z"",""exp_date"":""2025-05-20T12:25:07.880Z"",""commit_amt"":""842607.539"",""monthly_paid_in_amt"":""4926.646""}]}"
75,LTzue9mvF0,3bUavJhYAd,ORG2025001,ORG2025002,ncMrzXiv7d,bank.deposit,"{""rsp_code"":""0000"",""rsp_msg"":""Success"",""search_timestamp"":""2025-02-01T23:01:10.015Z"",""detail_cnt"":1,""detailList"":[{""currency_code"":""USD"",""balance_amt"":""955055.196"",""withdrawable_amt"":""954904.338"",""offered_rate"":""0.01"",""last_paid_in_cnt"":4}]}"
76,iAvEHpNfXW,RYM6T3Jjvp,ORG2025001,ORG2025002,W30mO7IvZl,bank.ca,"{""rsp_code"":""0000"",""rsp_msg"":""Success"",""tx_id"":""MD_ORG2025001_ORG2025002_RA20250002_CA20250001_20250201230112_XXAB00490000"",""token_type"":""Bearer"",""access_token"":""eyJhbGciOiJIUzI1NiIsInR5cCI6IkpXVCJ9.eyJhdWQiOiJPUkcyMDI1MDAxLUNMSUVOVC1JRCIsImp0aSI6IjhmODc1MjJjLTZmNTEtNDRkZi04NzE5LWE0Mjk3ODg5ZTY3YSIsImV4cCI6MTczODQ1NDQ3NCwic2NvcGUiOiJpcCIsImlhdCI6MTczODQ1MDg3NH0.dwOYlEsq_tyEuN9aih6T7p07hQqElFjgmpCpDGTTQ_8"",""expires_in"":3600,""refresh_token"":""eyJhbGciOiJIUzI1NiIsInR5cCI6IkpXVCJ9.eyJhdWQiOiJPUkcyMDI1MDAxLUNMSUVOVC1JRCIsImp0aSI6IjEwZjAxNjlmLWQ3ZDMtNDQ0YS1iNTk0LTYyYzJlYjk0ZGVmMCIsImV4cCI6MTczODUzNzI3NCwic2NvcGUiOiJpcCIsImlhdCI6MTczODQ1MDg3NH0.tCNi-35cxGXxgTdayT8kv7AHyggz-UC2tDZ4TGcaFuM"",""refresh_token_expires_in"":86400}"
77,SCz3CfNTF1,UXn0oG7hlH,ORG2025001,ORG2025002,PfkADMjwdh,bank.deposit,"{""rsp_code"":""0000"",""rsp_msg"":""Success"",""search_timestamp"":""2025-02-01T23:01:15.315Z"",""detail_cnt"":1,""detailList"":[{""currency_code"":""USD"",""balance_amt"":""270903.837"",""withdrawable_amt"":""269171.458"",""offered_rate"":""0.044"",""last_paid_in_cnt"":7}]}"
78,JGI2Z2hSIY,Eh3LMc4ZBm,ORG2025001,ORG2025002,vy2cttU1dh,bank.ca,"{""rsp_code"":""0000"",""rsp_msg"":""Success"",""tx_id"":""MD_ORG2025001_ORG2025002_RA20250005_CA20250001_20250201230117_XXAB00490000"",""token_type"":""Bearer"",""access_token"":""eyJhbGciOiJIUzI1NiIsInR5cCI6IkpXVCJ9.eyJhdWQiOiJPUkcyMDI1MDAxLUNMSUVOVC1JRCIsImp0aSI6ImRjMjE0YmNiLTFjY2EtNDJmMS05NTNhLWE0M2Y4YmZmMTE2ZiIsImV4cCI6MTczODQ1NDQ4MCwic2NvcGUiOiJpcCIsImlhdCI6MTczODQ1MDg4MH0.TNkjVjj3RuvWtVBX2GUFpBLQBJDU1gKL1BDsIW9EdlM"",""expires_in"":3600,""refresh_token"":""eyJhbGciOiJIUzI1NiIsInR5cCI6IkpXVCJ9.eyJhdWQiOiJPUkcyMDI1MDAxLUNMSUVOVC1JRCIsImp0aSI6ImI0YzQ0MTc5LThmYmYtNGZiZC05ZTE5LTc3MTRlNzk3ODNkNSIsImV4cCI6MTczODUzNzI4MCwic2NvcGUiOiJpcCIsImlhdCI6MTczODQ1MDg4MH0.FAo_hLe6Hr8I6_2GR4biX1v1MIefhAmIPAn3bm-gJbE"",""refresh_token_expires_in"":86400}"
79,6XHWjR3joC,WiNqepCz6u,ORG2025001,ORG2025002,1urgi1OMEM,bank.deposit,"{""rsp_code"":""0000"",""rsp_msg"":""Success"",""search_timestamp"":""2025-02-01T23:01:20.644Z"",""basic_cnt"":1,""basicList"":[{""currency_code"":""KRW"",""saving_method"":""METHOD_02"",""issue_date"":""2023-07-21T12:54:49.953Z"",""exp_date"":""2025-08-22T23:30:50.695Z"",""commit_amt"":""644843.715"",""monthly_paid_in_amt"":""4466.605""}]}"
80,QgbrBdvlun,MRjv6smFBV,ORG2025001,ORG2025002,9t7qj155M4,bank.ca,"{""rsp_code"":""0000"",""rsp_msg"":""Success"",""tx_id"":""MD_ORG2025001_ORG2025002_RA20250003_CA20250001_20250201230123_XXAB00490000"",""token_type"":""Bearer"",""access_token"":""eyJhbGciOiJIUzI1NiIsInR5cCI6IkpXVCJ9.eyJhdWQiOiJPUkcyMDI1MDAxLUNMSUVOVC1JRCIsImp0aSI6IjViMDNiODcwLTYxZDgtNDFmZS05NTExLWY2M2Y3NGNkZWVlNCIsImV4cCI6MTczODQ1NDQ4NSwic2NvcGUiOiJpcCIsImlhdCI6MTczODQ1MDg4NX0.SXjC4P7WEt4e3EHljmnINur7HWQGLLAzJJeKAQMyRmY"",""expires_in"":3600,""refresh_token"":""eyJhbGciOiJIUzI1NiIsInR5cCI6IkpXVCJ9.eyJhdWQiOiJPUkcyMDI1MDAxLUNMSUVOVC1JRCIsImp0aSI6IjE0YTgyMmQ3LTAwN2EtNGQ0YS04OGFkLTU5NmY0MGFlOTRmNiIsImV4cCI6MTczODUzNzI4NSwic2NvcGUiOiJpcCIsImlhdCI6MTczODQ1MDg4NX0.lh4ZsR7bAd6xxz6PS_fSYGipUIJkJOIiTO1ZsLZprAw"",""refresh_token_expires_in"":86400}"
81,RQWpxbbmC3,DWz9VcLhq5,ORG2025001,ORG2025002,cQ2xscAQga,bank.deposit,"{""rsp_code"":""0000"",""rsp_msg"":""Success"",""search_timestamp"":""2025-02-01T23:01:25.858Z"",""basic_cnt"":1,""basicList"":[{""currency_code"":""KRW"",""saving_method"":""METHOD_03"",""issue_date"":""2024-03-11T00:26:42.265Z"",""exp_date"":""2025-09-29T11:27:41.776Z"",""commit_amt"":""902993.009"",""monthly_paid_in_amt"":""849.5119999999999""}]}"
82,IjwM8QjtWg,7sw72eOkIo,ORG2025001,ORG2025002,iujWgnWimw,bank.deposit,"{""rsp_code"":""0000"",""rsp_msg"":""Success"",""search_timestamp"":""2025-02-01T23:01:26.483Z"",""detail_cnt"":1,""detailList"":[{""currency_code"":""KRW"",""balance_amt"":""17193.823"",""withdrawable_amt"":""14900.9"",""offered_rate"":""0.026"",""last_paid_in_cnt"":4}]}"
83,wWDxyGvdkX,6MIA8CRSGC,ORG2025001,ORG2025002,do8p3RRK7I,bank.ca,"{""rsp_code"":""0000"",""rsp_msg"":""Success"",""tx_id"":""MD_ORG2025001_ORG2025002_RA20250005_CA20250001_20250201230128_XXAB00490000"",""token_type"":""Bearer"",""access_token"":""eyJhbGciOiJIUzI1NiIsInR5cCI6IkpXVCJ9.eyJhdWQiOiJPUkcyMDI1MDAxLUNMSUVOVC1JRCIsImp0aSI6ImUwMjY4MTY4LWE4ZjAtNDIyOS05MjA0LWU2YmE2YTUxMDVmMCIsImV4cCI6MTczODQ1NDQ5MSwic2NvcGUiOiJpcCIsImlhdCI6MTczODQ1MDg5MX0.dcOOwQl4TmxKOM2mvP3lhfaW4_PYqzaILmUpsAxrdpw"",""expires_in"":3600,""refresh_token"":""eyJhbGciOiJIUzI1NiIsInR5cCI6IkpXVCJ9.eyJhdWQiOiJPUkcyMDI1MDAxLUNMSUVOVC1JRCIsImp0aSI6IjE0ZDUxNTU0LWJhNjAtNGMyNi1hOGJhLTg4YjU1MDczYjNhMSIsImV4cCI6MTczODUzNzI5MSwic2NvcGUiOiJpcCIsImlhdCI6MTczODQ1MDg5MX0.UB90g9U_uLsGgpY5OPwxGQmlKarmPX2PHwH7C4ZtFrw"",""refresh_token_expires_in"":86400}"
84,vt17s5JNuB,KSliFzLbfH,ORG2025001,ORG2025002,cyNQJhh9IF,bank.deposit,"{""rsp_code"":""0000"",""rsp_msg"":""Success"",""search_timestamp"":""2025-02-01T23:01:31.804Z"",""basic_cnt"":1,""basicList"":[{""currency_code"":""USD"",""saving_method"":""METHOD_03"",""issue_date"":""2024-06-24T17:34:54.843Z"",""exp_date"":""2025-09-11T03:00:36.270Z"",""commit_amt"":""272944.129"",""monthly_paid_in_amt"":""1795.252""}]}"
85,0obSL9Wdqd,yZMXEl1WRD,ORG2025001,ORG2025002,opBARQTbeO,bank.deposit,"{""rsp_code"":""0000"",""rsp_msg"":""Success"",""search_timestamp"":""2025-02-01T23:01:32.420Z"",""detail_cnt"":1,""detailList"":[{""currency_code"":""USD"",""balance_amt"":""345136.684"",""withdrawable_amt"":""343315.39"",""offered_rate"":""0.023"",""last_paid_in_cnt"":2}]}"
86,PoTJKWhSxG,FcdFEeAXp9,ORG2025001,ORG2025002,rfakgc2Z59,bank.ca,"{""rsp_code"":""0000"",""rsp_msg"":""Success"",""tx_id"":""MD_ORG2025001_ORG2025002_RA20250002_CA20250001_20250201230134_XXAB00490000"",""token_type"":""Bearer"",""access_token"":""eyJhbGciOiJIUzI1NiIsInR5cCI6IkpXVCJ9.eyJhdWQiOiJPUkcyMDI1MDAxLUNMSUVOVC1JRCIsImp0aSI6IjMzYjU3MTYzLWFkNTMtNDIwYS05NWMzLTZiNmVmZmZjOWY1MCIsImV4cCI6MTczODQ1NDQ5Nywic2NvcGUiOiJpcCIsImlhdCI6MTczODQ1MDg5N30.fTJf_UbxLxwZd5y3GgNlaIEAvxCqYtVRplPJWcHCYEU"",""expires_in"":3600,""refresh_token"":""eyJhbGciOiJIUzI1NiIsInR5cCI6IkpXVCJ9.eyJhdWQiOiJPUkcyMDI1MDAxLUNMSUVOVC1JRCIsImp0aSI6ImZmMDdiNzFjLTRlMjUtNDkxNi1hMzhlLTNkNzU4MmMwOTMwYiIsImV4cCI6MTczODUzNzI5Nywic2NvcGUiOiJpcCIsImlhdCI6MTczODQ1MDg5N30.Y2YsHp-hYmhsw_cbgenx55lG8nAbxf0obvb5VeFAh8o"",""refresh_token_expires_in"":86400}"
87,FH4Ocatz3N,0spU8JBTYH,ORG2025001,ORG2025002,Nk8zP1gz9g,bank.deposit,"{""rsp_code"":""0000"",""rsp_msg"":""Success"",""search_timestamp"":""2025-02-01T23:01:37.763Z"",""basic_cnt"":1,""basicList"":[{""currency_code"":""USD"",""saving_method"":""METHOD_01"",""issue_date"":""2023-03-06T19:09:55.829Z"",""exp_date"":""2025-05-02T00:54:40.704Z"",""commit_amt"":""896203.806"",""monthly_paid_in_amt"":""2415.807""}]}"
88,4Ko9wLs6lP,DBTHX3zSum,ORG2025001,ORG2025002,TiByxChe93,bank.ca,"{""rsp_code"":""0000"",""rsp_msg"":""Success"",""tx_id"":""MD_ORG2025001_ORG2025002_RA20250005_CA20250001_20250201230140_XXAB00490000"",""token_type"":""Bearer"",""access_token"":""eyJhbGciOiJIUzI1NiIsInR5cCI6IkpXVCJ9.eyJhdWQiOiJPUkcyMDI1MDAxLUNMSUVOVC1JRCIsImp0aSI6IjQ2MmViM2I0LThlYjUtNDEyYS1hYTlkLWNlM2IzYTVlZDNhZSIsImV4cCI6MTczODQ1NDUwMiwic2NvcGUiOiJpcCIsImlhdCI6MTczODQ1MDkwMn0._VXv7ihX_IYq77q2qvCTMlrAFxGTB3wmqlzk1jHV5Wk"",""expires_in"":3600,""refresh_token"":""eyJhbGciOiJIUzI1NiIsInR5cCI6IkpXVCJ9.eyJhdWQiOiJPUkcyMDI1MDAxLUNMSUVOVC1JRCIsImp0aSI6IjljZjY3YWJlLWVmNWUtNGRiMC1hYWQyLTE5OTM0ZTMwMWZmZiIsImV4cCI6MTczODUzNzMwMiwic2NvcGUiOiJpcCIsImlhdCI6MTczODQ1MDkwMn0.xlilses-_3o1U8XoqaRkwzOx2PS4lp0s5X4q0wKooVc"",""refresh_token_expires_in"":86400}"
89,r0LHSvBAIy,Y9HE5sWRC9,ORG2025001,ORG2025002,d87EXRbZeQ,bank.deposit,"{""rsp_code"":""0000"",""rsp_msg"":""Success"",""search_timestamp"":""2025-02-01T23:01:43.069Z"",""basic_cnt"":1,""basicList"":[{""currency_code"":""USD"",""saving_method"":""METHOD_03"",""issue_date"":""2024-09-12T13:36:54.048Z"",""exp_date"":""2025-08-17T15:25:08.088Z"",""commit_amt"":""905812.546"",""monthly_paid_in_amt"":""153.855""}]}"
90,GpGI6u4BKb,x5hM5jC4dE,ORG2025001,ORG2025002,NuJ1tHvPHT,bank.ca,"{""rsp_code"":""0000"",""rsp_msg"":""Success"",""tx_id"":""MD_ORG2025001_ORG2025002_RA20250004_CA20250001_20250201230145_XXAB00490000"",""token_type"":""Bearer"",""access_token"":""eyJhbGciOiJIUzI1NiIsInR5cCI6IkpXVCJ9.eyJhdWQiOiJPUkcyMDI1MDAxLUNMSUVOVC1JRCIsImp0aSI6ImU0ZmE1ZWYyLWFkNjItNDlkMy1hZjNmLWFiNGUxMWNlMTcyMSIsImV4cCI6MTczODQ1NDUwNywic2NvcGUiOiJpcCIsImlhdCI6MTczODQ1MDkwN30.5YQx6bGXAjmFhsSoaQ-BhYl-HQ827iTZdURU9vKaF-M"",""expires_in"":3600,""refresh_token"":""eyJhbGciOiJIUzI1NiIsInR5cCI6IkpXVCJ9.eyJhdWQiOiJPUkcyMDI1MDAxLUNMSUVOVC1JRCIsImp0aSI6ImUxMmMzYjRmLWNkMzMtNDFkOS1iNGVmLTJmNDJkOTE1NThlZiIsImV4cCI6MTczODUzNzMwNywic2NvcGUiOiJpcCIsImlhdCI6MTczODQ1MDkwN30.0hiU5wMx6l3bFDEV55t6D0VedwFq8hgy-Pw0PqNJRXY"",""refresh_token_expires_in"":86400}"
91,zIZuWQUUP7,2mKFe1G5iR,ORG2025001,ORG2025002,9nko7Tw5u7,bank.ca,"{""rsp_code"":""0000"",""rsp_msg"":""Success"",""tx_id"":""MD_ORG2025001_ORG2025002_RA20250003_CA20250001_20250201230149_XXAB00490000"",""token_type"":""Bearer"",""access_token"":""eyJhbGciOiJIUzI1NiIsInR5cCI6IkpXVCJ9.eyJhdWQiOiJPUkcyMDI1MDAxLUNMSUVOVC1JRCIsImp0aSI6IjY0NTAwM2M4LTYyOGUtNGIzZi05NjU5LTg5ZjVkODU4ZDg1OSIsImV4cCI6MTczODQ1NDUxMSwic2NvcGUiOiJpcCIsImlhdCI6MTczODQ1MDkxMX0.45Okt2lFVY8Si5PJxVx0IJg5hrJUPs5Jiu4uOmPzn9g"",""expires_in"":3600,""refresh_token"":""eyJhbGciOiJIUzI1NiIsInR5cCI6IkpXVCJ9.eyJhdWQiOiJPUkcyMDI1MDAxLUNMSUVOVC1JRCIsImp0aSI6IjUwYjc2ZjNiLWViZDctNDE4MC1hMWZkLThjNDNhZDY4MjI1YiIsImV4cCI6MTczODUzNzMxMSwic2NvcGUiOiJpcCIsImlhdCI6MTczODQ1MDkxMX0.4VmlZZbmEiEBzQ4KMQKnidVhjlcMQ9aQdRRy92wetSk"",""refresh_token_expires_in"":86400}"
92,EiBZnBzlur,Hdd82InwbK,ORG2025001,ORG2025002,vf6xtTX3KC,bank.deposit,"{""rsp_code"":""0000"",""rsp_msg"":""Success"",""search_timestamp"":""2025-02-01T23:01:52.560Z"",""basic_cnt"":1,""basicList"":[{""currency_code"":""KRW"",""saving_method"":""METHOD_03"",""issue_date"":""2024-06-30T08:51:55.946Z"",""exp_date"":""2025-03-29T15:50:45.573Z"",""commit_amt"":""842347.649"",""monthly_paid_in_amt"":""837.077""}]}"
93,van9OtY7st,0egyphwWSv,ORG2025001,ORG2025002,lJubi3GhPF,bank.deposit,"{""rsp_code"":""0000"",""rsp_msg"":""Success"",""search_timestamp"":""2025-02-01T23:01:53.194Z"",""detail_cnt"":1,""detailList"":[{""currency_code"":""KRW"",""balance_amt"":""232018.734"",""withdrawable_amt"":""230942.478"",""offered_rate"":""0.01"",""last_paid_in_cnt"":3}]}"
